{
  "id": "cthulhu-ui",
  "name": "cthulhu-ui",  
  "title": "Cthulhu UI",
  "description": "Cthulhu inpired UI",
  "authors": [
    {
      "name": "Luiz Martinez",
      "flags": {}
    }
  ],
  "version": "0.1.3",  
  "scripts": ["cthulhu-ui.js"],
  "styles":  ["cthulhu-ui.css"],
  "url": "https://github.com/LGMart/FoundryVTT-cthulhu-ui",
  "manifest": "https://raw.githubusercontent.com/LGMart/FoundryVTT-cthulhu-ui/main/module.json",

  "authors": [
    {
      "name": "LGMart",
      "flags": {}
    }
  ],
  "compatibility": {
    "verified": "10"
  }
}
